{
  "project_info": {
    "project_number": "101448256710",
    "project_id": "tracker-c80c2",
    "storage_bucket": "tracker-c80c2.appspot.com"
  },
  "client": [
    {
      "client_info": {
        "mobilesdk_app_id": "1:101448256710:android:e61503c355267797625bc7",
        "android_client_info": {
          "package_name": "com.tracker.tracker"
        }
      },
      "oauth_client": [
        {
          "client_id": "101448256710-oeaav0r9hu5s3ets1go0uch3bepr9oec.apps.googleusercontent.com",
          "client_type": 3
        }
      ],
      "api_key": [
        {
          "current_key": "AIzaSyCl8zmbU7A6frosI-5hJihPcMIlfHOrneU"
        }
      ],
      "services": {
        "appinvite_service": {
          "other_platform_oauth_client": [
            {
              "client_id": "101448256710-oeaav0r9hu5s3ets1go0uch3bepr9oec.apps.googleusercontent.com",
              "client_type": 3
            }
          ]
        }
      }
    }
  ],
  "configuration_version": "1"
}